"","Type.of.feeding.interaction","mean.mass.pred","median.mass.pred","mean.mass.prey","median.mass.prey","mean.PredatorPrey.ratio","median.PredatorPrey.ratio"
"1","insectivorous",5.57075,0.9585,0.111269125,0.0442,2.77880959066873,2.6155823718929
"2","piscivorous",19181.42434702,2900,39.2207782482792,6.16,6.07670611136523,5.61677109766657
"3","planktivorous",2796.97195938687,0.0216,0.534151423090122,8.72e-07,9.45291113494234,9.82552601106642
"4","predacious",10431.6848345828,609,13.9816173491183,0.218,8.1791617241447,8.29090937545023
"5","predacious/piscivorous",764.634782608696,590,21.8908024844721,13.6,3.65315137768494,3.71028336277709
